ID_Cliente,Nombre,Apellido,Email,Fecha_Resgistro,Región
1,Karisa,Cromett,kcromett0@imageshack.us,19/11/2023,Patagonia
2,Lenette,Seabert,lseabert1@yahoo.co.jp,07/05/2023,Patagonia
3,Buddy,Silverson,bsilverson2@howstuffworks.com,27/03/2023,Patagonia
4,Dan,Parkin,dparkin3@virginia.edu,26/10/2023,Buenos Aires
5,Conney,Cassella,ccassella4@who.int,31/03/2023,Centro
6,Saunder,Fone,sfone5@tumblr.com,07/06/2023,Buenos Aires
7,Sophia,Landon,slandon6@imgur.com,19/03/2023,Cuyo
8,Joellen,Grey,jgrey7@buzzfeed.com,13/05/2023,Buenos Aires
9,Ephraim,Blackstone,eblackstone8@linkedin.com,02/04/2023,Centro
10,Stephenie,Sexty,ssexty9@domainmarket.com,23/11/2023,Buenos Aires
11,Hilario,Hubble,hhubblea@lycos.com,12/10/2023,Buenos Aires
12,Daisy,Vennart,dvennartb@shutterfly.com,21/08/2023,Patagonia
13,Kameko,Moland,kmolandc@samsung.com,23/10/2023,Centro
14,Fedora,Brackenbury,fbrackenburyd@nsw.gov.au,01/05/2023,Buenos Aires
15,Locke,Getsham,lgetshame@joomla.org,29/12/2023,Buenos Aires
16,Robena,Arkill,rarkillf@usnews.com,19/04/2023,Buenos Aires
17,Marianna,Kyle,mkyleg@blogs.com,25/07/2023,Buenos Aires
18,Palm,TRUE,ptrueh@howstuffworks.com,23/12/2023,Centro
19,Victoria,Filyukov,vfilyukovi@thetimes.co.uk,13/11/2023,Centro
20,Benedicto,Selbach,bselbachj@ning.com,22/07/2023,Cuyo
21,Kleon,Mitrovic,kmitrovick@opera.com,25/05/2023,Buenos Aires
22,Laird,Grainger,lgraingerl@4shared.com,26/09/2023,Centro
23,Essy,Ruperti,erupertim@theatlantic.com,04/05/2023,Patagonia
24,Juan,Borrowman,jborrowmann@xrea.com,23/07/2023,Cuyo
25,Queenie,Moyer,qmoyero@foxnews.com,18/06/2023,Patagonia
26,Byrom,Soro,bsorop@senate.gov,05/07/2023,Centro
27,Bealle,Andreuzzi,bandreuzziq@gov.uk,29/11/2023,Buenos Aires
28,Theodoric,Bunny,tbunnyr@shinystat.com,25/11/2023,NEA
29,Hugh,Lipsett,hlipsetts@sbwire.com,10/09/2023,NEA
30,Martainn,Burton,mburtont@jigsy.com,15/06/2023,Buenos Aires
31,Marni,Ruthven,mruthvenu@cocolog-nifty.com,28/03/2023,Centro
32,Cristen,Ottee,cotteev@reference.com,27/07/2023,Cuyo
33,Rosemarie,Swadling,rswadlingw@weebly.com,10/08/2023,NEA
34,Karolina,Husselbee,khusselbeex@ezinearticles.com,05/12/2023,Cuyo
35,Matthew,Rudderham,mrudderhamy@mashable.com,23/04/2023,NOA
36,Lothaire,Bolderson,lboldersonz@gov.uk,31/10/2023,Buenos Aires
37,Frederik,Gook,fgook10@newsvine.com,04/11/2023,Cuyo
38,Genevra,Perree,gperree11@usgs.gov,19/12/2023,Patagonia
39,Filippo,Culkin,fculkin12@people.com.cn,12/10/2023,Patagonia
40,Holli,Cousans,hcousans13@yelp.com,13/04/2023,Cuyo
41,Felisha,Jayne,fjayne14@mlb.com,29/07/2023,Patagonia
42,Myer,Wattinham,mwattinham15@oracle.com,23/06/2023,Patagonia
43,Brenda,Buckel,bbuckel16@acquirethisname.com,27/09/2023,Patagonia
44,Cyrill,Runge,crunge17@sfgate.com,17/09/2023,Buenos Aires
45,Doll,Rye,drye18@ezinearticles.com,16/08/2023,Buenos Aires
46,Slade,Stockle,sstockle19@slate.com,10/08/2023,Centro
47,Betteanne,Pratley,bpratley1a@archive.org,28/09/2023,Buenos Aires
48,Corbie,Von Der Empten,cvonderempten1b@printfriendly.com,18/10/2023,Patagonia
49,Sarita,McAsgill,smcasgill1c@flavors.me,04/12/2023,Buenos Aires
50,Nickolaus,Coppins,ncoppins1d@xrea.com,21/09/2023,Buenos Aires
51,Maire,Rumble,mrumble1e@blinklist.com,30/10/2023,Cuyo
52,Albrecht,McGrirl,amcgrirl1f@163.com,09/10/2023,Patagonia
53,Fitz,Fuge,ffuge1g@joomla.org,03/08/2023,Centro
54,Byram,Ferenczi,bferenczi1h@studiopress.com,18/08/2023,Buenos Aires
55,Amory,Highnam,ahighnam1i@cnbc.com,06/05/2023,Patagonia
56,Vevay,Wellum,vwellum1j@tumblr.com,27/06/2023,Centro
57,Olenolin,Wakeman,owakeman1k@mapy.cz,15/12/2023,Centro
58,Hilarius,Abad,habad1l@wisc.edu,30/09/2023,Buenos Aires
59,Morse,Peters,mpeters1m@sitemeter.com,24/04/2023,Centro
60,Lisabeth,Murty,lmurty1n@google.it,17/04/2023,NEA
61,Flore,Astlatt,fastlatt1o@discovery.com,17/11/2023,Buenos Aires
62,Paula,Gittins,pgittins1p@quantcast.com,14/09/2023,NEA
63,Yule,Bruin,ybruin1q@senate.gov,30/11/2023,Buenos Aires
64,Randolph,Collicott,rcollicott1r@miibeian.gov.cn,18/10/2023,NEA
65,Lillian,Jizhaki,ljizhaki1s@squidoo.com,29/06/2023,Buenos Aires
66,Regan,Crocetti,rcrocetti1t@csmonitor.com,24/03/2023,Buenos Aires
67,Avigdor,Gorey,agorey1u@tmall.com,19/12/2023,NEA
68,Miriam,Domerque,mdomerque1v@blogspot.com,20/07/2023,Patagonia
69,Ham,Rapley,hrapley1w@meetup.com,19/05/2023,Cuyo
70,Drugi,Hancill,dhancill1x@senate.gov,19/07/2023,Centro
71,Colly,Blucher,cblucher1y@youtube.com,02/05/2023,Buenos Aires
72,Amby,Maltby,amaltby1z@phoca.cz,28/10/2023,Centro
73,Akim,Cruz,acruz20@photobucket.com,20/03/2023,Centro
74,Huey,Stead,hstead21@vinaora.com,05/05/2023,Patagonia
75,Roma,Battill,rbattill22@ask.com,26/12/2023,NEA
76,Marlowe,Bidgod,mbidgod23@nationalgeographic.com,12/07/2023,Centro
77,Mickie,Dellar,mdellar24@meetup.com,29/10/2023,Buenos Aires
78,Gabbi,Harnell,gharnell25@tiny.cc,25/09/2023,Buenos Aires
79,Valentin,Coard,vcoard26@mayoclinic.com,11/07/2023,Patagonia
80,Aubry,Stille,astille27@bing.com,19/12/2023,NEA
81,Cthrine,Waltho,cwaltho28@sfgate.com,08/05/2023,Buenos Aires
82,Adham,Leebeter,aleebeter29@dedecms.com,06/11/2023,Buenos Aires
83,Nelia,MacGow,nmacgow2a@ibm.com,14/09/2023,Buenos Aires
84,Stefan,Peddel,speddel2b@biblegateway.com,16/11/2023,Buenos Aires
85,Curran,Macari,cmacari2c@arizona.edu,02/04/2023,Cuyo
86,Anjela,Villaron,avillaron2d@eventbrite.com,04/04/2023,Patagonia
87,Aeriel,Garahan,agarahan2e@sfgate.com,22/08/2023,Patagonia
88,Joan,Broxis,jbroxis2f@t.co,06/12/2023,Patagonia
89,Tawsha,Olle,tolle2g@bizjournals.com,03/04/2023,Patagonia
90,Pinchas,Stollsteiner,pstollsteiner2h@hostgator.com,09/08/2023,Buenos Aires
91,Haley,Fain,hfain2i@illinois.edu,16/05/2023,Buenos Aires
92,Vivianna,Foulcher,vfoulcher2j@pen.io,05/10/2023,Patagonia
93,Gay,Allans,gallans2k@simplemachines.org,02/06/2023,Buenos Aires
94,Cy,Doreward,cdoreward2l@so-net.ne.jp,28/09/2023,Centro
95,Anne-marie,Kildahl,akildahl2m@csmonitor.com,26/05/2023,Buenos Aires
96,Anallise,Iacopini,aiacopini2n@ihg.com,08/08/2023,Buenos Aires
97,Judah,Dan,jdan2o@pagesperso-orange.fr,04/04/2023,Buenos Aires
98,Lin,Godard,lgodard2p@ihg.com,20/11/2023,Centro
99,Georgia,McAlpine,gmcalpine2q@de.vu,09/08/2023,Buenos Aires
100,Orv,Hun,ohun2r@goo.gl,24/07/2023,NEA
101,Vannie,Kennermann,vkennermann2s@blogtalkradio.com,22/10/2023,Buenos Aires
102,Seana,Radbone,sradbone2t@clickbank.net,14/05/2023,Patagonia
103,Adina,Cleugh,acleugh2u@springer.com,16/09/2023,Patagonia
104,Serena,Wison,swison2v@upenn.edu,10/05/2023,Buenos Aires
105,Yelena,Gaytor,ygaytor2w@tinyurl.com,04/06/2023,Buenos Aires
106,Benedikta,Condon,bcondon2x@paypal.com,23/06/2023,NEA
107,Gretna,Kirwin,gkirwin2y@bloglines.com,11/07/2023,Patagonia
108,Riley,Obey,robey2z@ucsd.edu,04/06/2023,Patagonia
109,Andie,Arundale,aarundale30@mapquest.com,28/08/2023,Cuyo
110,Joeann,Muirden,jmuirden31@ameblo.jp,14/06/2023,NEA
111,Ave,Purchon,apurchon32@cbc.ca,21/03/2023,Cuyo
112,Ellie,Lockey,elockey33@mozilla.org,19/12/2023,NEA
113,Phip,Altree,paltree34@indiatimes.com,28/07/2023,Buenos Aires
114,Fabien,Roskam,froskam35@desdev.cn,11/04/2023,Centro
115,Reyna,Pontefract,rpontefract36@yellowbook.com,14/11/2023,Cuyo
116,Hedda,Garbott,hgarbott37@noaa.gov,14/07/2023,Buenos Aires
117,Ginnie,Saben,gsaben38@shop-pro.jp,23/10/2023,NOA
118,Dallon,Hedworth,dhedworth39@samsung.com,30/07/2023,Centro
119,Chase,Rayner,crayner3a@netvibes.com,24/11/2023,Patagonia
120,Baxter,Ritmeier,britmeier3b@alibaba.com,15/09/2023,Buenos Aires
121,Mead,Brandin,mbrandin3c@purevolume.com,18/09/2023,Cuyo
122,Kerr,Whitesel,kwhitesel3d@indiatimes.com,28/05/2023,Centro
123,Reggie,Thorwarth,rthorwarth3e@blog.com,24/10/2023,Patagonia
124,Rustie,Astlet,rastlet3f@globo.com,03/09/2023,NEA
125,Minette,Alchin,malchin3g@census.gov,19/11/2023,Patagonia
126,Glory,Hedling,ghedling3h@dagondesign.com,20/07/2023,Cuyo
127,Jarrod,Askham,jaskham3i@lulu.com,13/10/2023,Buenos Aires
128,Becka,Grinval,bgrinval3j@vkontakte.ru,02/12/2023,Buenos Aires
129,Colby,Kalderon,ckalderon3k@earthlink.net,19/03/2023,Patagonia
130,Lori,Oram,loram3l@narod.ru,08/09/2023,Buenos Aires
131,Corby,Lothlorien,clothlorien3m@nhs.uk,08/07/2023,Buenos Aires
132,Cassie,Corish,ccorish3n@virginia.edu,14/12/2023,Buenos Aires
133,Peggi,Sainsbury-Brown,psainsburybrown3o@amazon.co.uk,16/07/2023,Buenos Aires
134,Zora,Halvosen,zhalvosen3p@acquirethisname.com,03/08/2023,Cuyo
135,Burgess,Hawken,bhawken3q@patch.com,15/11/2023,Cuyo
136,Silvana,Jellard,sjellard3r@blogspot.com,31/03/2023,Patagonia
137,Danica,McKerron,dmckerron3s@illinois.edu,01/10/2023,Patagonia
138,Osborn,Pogue,opogue3t@51.la,09/04/2023,Buenos Aires
139,Pamella,Asker,pasker3u@chron.com,09/05/2023,Buenos Aires
140,Estrella,Hoggins,ehoggins3v@homestead.com,10/10/2023,NEA
141,Adena,Skirvane,askirvane3w@shareasale.com,22/03/2023,NEA
142,Lisette,Salle,lsalle3x@geocities.com,08/05/2023,Cuyo
143,Gabriell,Ralton,gralton3y@wsj.com,14/11/2023,Buenos Aires
144,Maribeth,Hearon,mhearon3z@who.int,16/06/2023,NEA
145,Eugenius,Bowness,ebowness40@imgur.com,08/04/2023,Buenos Aires
146,Shea,Castanaga,scastanaga41@geocities.jp,04/11/2023,Cuyo
147,Temp,Gerlts,tgerlts42@mtv.com,14/11/2023,Cuyo
148,Nadeen,Du Pre,ndupre43@goo.gl,19/03/2023,Centro
149,Joell,Abbey,jabbey44@ucoz.com,16/11/2023,Cuyo
150,Eben,Riche,eriche45@icq.com,03/06/2023,Buenos Aires
151,Lance,Dungey,ldungey46@comcast.net,25/08/2023,Buenos Aires
152,Lora,Mantione,lmantione47@wikispaces.com,27/08/2023,NOA
153,Merola,Sketcher,msketcher48@dropbox.com,29/09/2023,Cuyo
154,Abagail,Wetherby,awetherby49@free.fr,04/10/2023,Patagonia
155,Sadie,Linwood,slinwood4a@miibeian.gov.cn,18/12/2023,Cuyo
156,Giulia,Rudinger,grudinger4b@alibaba.com,26/10/2023,Patagonia
157,Lammond,McCaskill,lmccaskill4c@sciencedirect.com,22/05/2023,Patagonia
158,Art,Van der Velde,avandervelde4d@infoseek.co.jp,02/05/2023,Buenos Aires
159,Cyril,Pischel,cpischel4e@comsenz.com,11/04/2023,NEA
160,Tedmund,Etheridge,tetheridge4f@flavors.me,06/12/2023,Centro
161,Effie,Schrinel,eschrinel4g@elegantthemes.com,10/11/2023,Patagonia
162,Libbie,Faircliffe,lfaircliffe4h@addtoany.com,23/10/2023,Patagonia
163,Bryanty,Smurfitt,bsmurfitt4i@bing.com,01/07/2023,Buenos Aires
164,Tybie,Kemster,tkemster4j@sfgate.com,11/12/2023,Centro
165,Tricia,Gimert,tgimert4k@deviantart.com,21/05/2023,Buenos Aires
166,Minta,Sickling,msickling4l@prlog.org,27/08/2023,NEA
167,Audi,Kretchmer,akretchmer4m@mit.edu,25/10/2023,Buenos Aires
168,Josephina,Humbee,jhumbee4n@cornell.edu,26/07/2023,Centro
169,Carlyle,McWhirter,cmcwhirter4o@cyberchimps.com,19/03/2023,Centro
170,Cchaddie,Dametti,cdametti4p@posterous.com,24/09/2023,Centro
171,Vladimir,Orrill,vorrill4q@youku.com,03/04/2023,Cuyo
172,Eulalie,Vedeshkin,evedeshkin4r@nytimes.com,19/03/2023,Buenos Aires
173,Alisander,Raecroft,araecroft4s@mediafire.com,07/05/2023,Patagonia
174,Darda,Tarr,dtarr4t@ca.gov,31/08/2023,Patagonia
175,Caron,Raddon,craddon4u@seattletimes.com,14/09/2023,Buenos Aires
176,Asa,Lamplugh,alamplugh4v@noaa.gov,24/09/2023,NEA
177,Irvin,Normanville,inormanville4w@amazon.co.uk,25/08/2023,NEA
178,Val,Damarell,vdamarell4x@google.nl,17/09/2023,Patagonia
179,Constantina,Grimm,cgrimm4y@cbsnews.com,25/07/2023,Buenos Aires
180,Audra,Bleakley,ableakley4z@oakley.com,03/05/2023,Buenos Aires
181,Isaak,Seyers,iseyers50@arizona.edu,16/08/2023,Patagonia
182,Bel,Geeritz,bgeeritz51@noaa.gov,01/09/2023,Centro
183,Bren,Szreter,bszreter52@youtube.com,25/05/2023,Patagonia
184,Winne,Coaker,wcoaker53@seattletimes.com,23/11/2023,Buenos Aires
185,Jody,Ianelli,jianelli54@networkadvertising.org,01/08/2023,Centro
186,Gabie,Pawel,gpawel55@mit.edu,05/12/2023,Patagonia
187,Gay,Elvin,gelvin56@exblog.jp,27/11/2023,Buenos Aires
188,Libbey,Carefull,lcarefull57@google.ca,09/04/2023,Cuyo
189,Say,Stanistreet,sstanistreet58@google.de,18/07/2023,Patagonia
190,Derwin,Fuzzard,dfuzzard59@mashable.com,21/03/2023,NEA
191,Dominik,Alejandro,dalejandro5a@google.co.uk,14/12/2023,Centro
192,Dyan,Marquis,dmarquis5b@vk.com,21/03/2023,Cuyo
193,Harlan,Andrzej,handrzej5c@over-blog.com,16/11/2023,Buenos Aires
194,Kendra,Emor,kemor5d@wp.com,20/10/2023,Buenos Aires
195,Keene,Cayley,kcayley5e@opensource.org,18/10/2023,Centro
196,Arther,Meynell,ameynell5f@sun.com,02/06/2023,Cuyo
197,Hermon,Forman,hforman5g@home.pl,15/11/2023,Cuyo
198,Raviv,Winson,rwinson5h@omniture.com,07/09/2023,NOA
199,Enrique,Grove,egrove5i@usnews.com,13/11/2023,Buenos Aires
200,Cristobal,Gorick,cgorick5j@bluehost.com,08/09/2023,Centro
201,Ros,Chrstine,rchrstine5k@soundcloud.com,04/12/2023,Patagonia
202,Viola,Wyke,vwyke5l@apache.org,10/11/2023,NEA
203,Rafaellle,Jayes,rjayes5m@ameblo.jp,02/10/2023,Buenos Aires
204,Di,Kasper,dkasper5n@symantec.com,06/06/2023,Patagonia
205,Brenda,Utterson,butterson5o@webeden.co.uk,29/04/2023,Patagonia
206,Madeleine,Toretta,mtoretta5p@abc.net.au,10/05/2023,NEA
207,Gussi,Paslow,gpaslow5q@europa.eu,17/06/2023,Buenos Aires
208,Frederique,Bartholomaus,fbartholomaus5r@vkontakte.ru,21/04/2023,Buenos Aires
209,Burr,Jiricka,bjiricka5s@icq.com,25/10/2023,Buenos Aires
210,Hendrika,Smylie,hsmylie5t@sbwire.com,16/12/2023,Centro
211,Lilli,Hayers,lhayers5u@alibaba.com,08/09/2023,Centro
212,Justin,Featherstonehaugh,jfeatherstonehaugh5v@e-recht24.de,13/10/2023,Buenos Aires
213,Cornelia,Alberti,calberti5w@ibm.com,28/11/2023,Centro
214,Pippy,Pirot,ppirot5x@t-online.de,04/05/2023,Patagonia
215,Addison,Trask,atrask5y@goo.ne.jp,10/08/2023,NEA
216,Tandie,Arrowsmith,tarrowsmith5z@arizona.edu,11/11/2023,Centro
217,Derrick,Giraldo,dgiraldo60@cdbaby.com,08/09/2023,Centro
218,Ingeborg,Downey,idowney61@hexun.com,23/10/2023,Centro
219,Obediah,Clineck,oclineck62@accuweather.com,27/04/2023,Patagonia
220,Ilyssa,Camus,icamus63@cnn.com,29/05/2023,Centro
221,Hildagarde,Mouton,hmouton64@indiatimes.com,09/06/2023,Buenos Aires
222,Connor,Simoneton,csimoneton65@adobe.com,09/09/2023,Centro
223,Lenette,Muldoon,lmuldoon66@mozilla.com,10/08/2023,Buenos Aires
224,Katey,Gritland,kgritland67@odnoklassniki.ru,25/09/2023,Cuyo
225,Charlton,Amphlett,camphlett68@dailymotion.com,13/11/2023,Buenos Aires
226,Jerry,Beiderbecke,jbeiderbecke69@arizona.edu,26/11/2023,Patagonia
227,Falkner,Heggs,fheggs6a@buzzfeed.com,31/05/2023,Buenos Aires
228,Griff,Kearey,gkearey6b@ebay.co.uk,28/12/2023,Centro
229,Angy,Quiney,aquiney6c@state.gov,12/11/2023,Cuyo
230,Alvira,Gimber,agimber6d@ning.com,28/12/2023,Centro
231,Rani,Chattelaine,rchattelaine6e@list-manage.com,13/12/2023,Patagonia
232,Truda,Staddon,tstaddon6f@ox.ac.uk,20/06/2023,Buenos Aires
233,Stefania,Jephson,sjephson6g@jigsy.com,18/11/2023,Centro
234,Christopher,Bootland,cbootland6h@usnews.com,30/09/2023,Buenos Aires
235,Cloe,Brun,cbrun6i@theglobeandmail.com,11/12/2023,NEA
236,Ignacio,Klimashevich,iklimashevich6j@xinhuanet.com,21/09/2023,Buenos Aires
237,Nikki,Dalgetty,ndalgetty6k@berkeley.edu,10/05/2023,Buenos Aires
238,Kaine,Jasper,kjasper6l@drupal.org,26/09/2023,Buenos Aires
239,Herbie,Puttick,hputtick6m@hc360.com,01/04/2023,Buenos Aires
240,Lara,Skedgell,lskedgell6n@deviantart.com,04/11/2023,Buenos Aires
241,Jeremiah,Cosgrave,jcosgrave6o@ning.com,11/06/2023,Buenos Aires
242,Eben,Hellens,ehellens6p@moonfruit.com,12/09/2023,NEA
243,Gerta,Shervington,gshervington6q@hao123.com,15/05/2023,Buenos Aires
244,Francesca,Barter,fbarter6r@fc2.com,09/10/2023,Buenos Aires
245,Ortensia,Ruppeli,oruppeli6s@paypal.com,04/07/2023,NEA
246,Almira,Zottoli,azottoli6t@prweb.com,28/09/2023,NEA
247,Silvio,Butterfield,sbutterfield6u@seattletimes.com,19/07/2023,Buenos Aires
248,Benito,Craythorne,bcraythorne6v@bloomberg.com,03/07/2023,Centro
249,Dilly,Gaveltone,dgaveltone6w@oracle.com,02/08/2023,Buenos Aires
250,Stacy,Scading,sscading6x@google.co.jp,22/08/2023,Centro
251,Cristian,Micka,cmicka6y@paginegialle.it,28/04/2023,Centro
252,Emmalynne,Chew,echew6z@smh.com.au,01/11/2023,Patagonia
253,Alastair,Scedall,ascedall70@purevolume.com,01/05/2023,Buenos Aires
254,Dunc,Battersby,dbattersby71@salon.com,10/11/2023,Patagonia
255,Merry,Zoren,mzoren72@webeden.co.uk,12/12/2023,Buenos Aires
256,Felita,Duny,fduny73@narod.ru,17/12/2023,Buenos Aires
257,Amalie,Persitt,apersitt74@paypal.com,15/10/2023,NEA
258,Izabel,Starten,istarten75@pen.io,28/05/2023,Centro
259,Nobe,Van Hault,nvanhault76@dion.ne.jp,15/10/2023,Cuyo
260,Cyrille,Mulligan,cmulligan77@gravatar.com,26/07/2023,Buenos Aires
261,Carlita,McArdell,cmcardell78@gmpg.org,24/12/2023,NOA
262,Cairistiona,Trevan,ctrevan79@xrea.com,21/04/2023,Buenos Aires
263,Onfre,Burdekin,oburdekin7a@wordpress.org,29/03/2023,Buenos Aires
264,Vivien,Demeza,vdemeza7b@addtoany.com,19/04/2023,Buenos Aires
265,Valeria,Tyres,vtyres7c@ebay.co.uk,12/06/2023,Centro
266,Tabbie,Hintzer,thintzer7d@canalblog.com,28/10/2023,Buenos Aires
267,Marielle,Mickelwright,mmickelwright7e@behance.net,05/11/2023,Centro
268,Thom,Gantzer,tgantzer7f@state.gov,07/05/2023,NOA
269,Merill,Gogin,mgogin7g@whitehouse.gov,15/09/2023,Centro
270,Davide,Dukes,ddukes7h@slideshare.net,12/11/2023,Cuyo
271,Lotta,Matteacci,lmatteacci7i@tripod.com,17/10/2023,Patagonia
272,Nikki,Phillipson,nphillipson7j@fema.gov,10/11/2023,Buenos Aires
273,Miller,Cazereau,mcazereau7k@squarespace.com,16/07/2023,Cuyo
274,Darby,Gerasch,dgerasch7l@usatoday.com,08/07/2023,Buenos Aires
275,Perrine,Enstone,penstone7m@nationalgeographic.com,14/04/2023,Buenos Aires
276,Bel,McQueen,bmcqueen7n@goo.ne.jp,30/03/2023,Patagonia
277,Pippy,Hearne,phearne7o@goo.ne.jp,18/07/2023,Patagonia
278,Rouvin,Ohrt,rohrt7p@devhub.com,21/08/2023,Centro
279,Benito,Weall,bweall7q@marriott.com,29/11/2023,Centro
280,Keriann,Doore,kdoore7r@hibu.com,11/12/2023,Centro
281,Issie,Hendonson,ihendonson7s@google.de,02/04/2023,Buenos Aires
282,Lowrance,Coward,lcoward7t@telegraph.co.uk,10/06/2023,Centro
283,Lincoln,Kennermann,lkennermann7u@barnesandnoble.com,03/05/2023,Buenos Aires
284,Vanna,Milliken,vmilliken7v@redcross.org,15/07/2023,NOA
285,Red,Cutmare,rcutmare7w@woothemes.com,12/08/2023,Patagonia
286,Mikael,Freckingham,mfreckingham7x@wordpress.com,07/10/2023,Centro
287,Son,Klesse,sklesse7y@sohu.com,13/11/2023,NEA
288,Leoline,Hessel,lhessel7z@umn.edu,26/10/2023,Buenos Aires
289,Fran,McCullen,fmccullen80@myspace.com,28/11/2023,Cuyo
290,Melinda,Water,mwater81@huffingtonpost.com,20/09/2023,Buenos Aires
291,Kean,Devoy,kdevoy82@sphinn.com,05/11/2023,NEA
292,Larisa,Eustace,leustace83@shutterfly.com,26/05/2023,Patagonia
293,Sebastian,Portman,sportman84@dmoz.org,09/07/2023,Patagonia
294,Alon,Gorch,agorch85@nifty.com,27/12/2023,Centro
295,Denise,Domsalla,ddomsalla86@nih.gov,02/10/2023,Cuyo
296,Christean,Branigan,cbranigan87@dmoz.org,28/07/2023,Buenos Aires
297,Hadleigh,McGilben,hmcgilben88@typepad.com,20/09/2023,Buenos Aires
298,Osborne,Bruton,obruton89@oracle.com,24/07/2023,Buenos Aires
299,Simone,Tonkes,stonkes8a@exblog.jp,31/10/2023,Cuyo
300,Marilin,Lodin,mlodin8b@shop-pro.jp,25/08/2023,NEA
301,Nannie,Toseland,ntoseland8c@typepad.com,31/10/2023,Cuyo
302,Ferris,Duggan,fduggan8d@ebay.co.uk,24/07/2023,Patagonia
303,Sorcha,Leaver,sleaver8e@tripod.com,08/05/2023,Centro
304,Arch,Jurasz,ajurasz8f@e-recht24.de,30/04/2023,Cuyo
305,Karyn,Foucard,kfoucard8g@furl.net,04/05/2023,Patagonia
306,Donna,Zamora,dzamora8h@mit.edu,11/06/2023,Cuyo
307,Shelba,Elcombe,selcombe8i@ustream.tv,01/04/2023,Cuyo
308,Robin,Shelp,rshelp8j@ebay.co.uk,06/11/2023,Centro
309,Aggy,Warman,awarman8k@prnewswire.com,31/08/2023,Centro
310,Kenyon,Grain,kgrain8l@t.co,09/11/2023,Patagonia
311,Sebastien,Tunesi,stunesi8m@ox.ac.uk,26/12/2023,Buenos Aires
312,Gabie,Late,glate8n@walmart.com,03/08/2023,Cuyo
313,Jeralee,Mccaull,jmccaull8o@uol.com.br,14/07/2023,Cuyo
314,Abelard,Bassett,abassett8p@google.fr,10/04/2023,Patagonia
315,Anastasia,Craighill,acraighill8q@hhs.gov,18/06/2023,Buenos Aires
316,Glyn,Hourston,ghourston8r@umich.edu,13/10/2023,Centro
317,Ricard,Dupoy,rdupoy8s@domainmarket.com,01/06/2023,NEA
318,Gustave,Chatainier,gchatainier8t@house.gov,31/03/2023,Buenos Aires
319,Byrle,Crinidge,bcrinidge8u@live.com,10/05/2023,Patagonia
320,Aubert,Caddie,acaddie8v@reference.com,08/11/2023,Centro
321,Bent,Auld,bauld8w@odnoklassniki.ru,27/10/2023,Cuyo
322,Hugh,Ortelt,hortelt8x@google.com.hk,19/11/2023,NEA
323,Issiah,Schoales,ischoales8y@twitter.com,21/11/2023,Centro
324,Nalani,Steggals,nsteggals8z@nhs.uk,01/09/2023,NEA
325,Rowland,Riddington,rriddington90@friendfeed.com,16/06/2023,NEA
326,Friedrick,Paulucci,fpaulucci91@arstechnica.com,21/06/2023,Cuyo